sku,week_start,y_pred
15036,2011-12-05,102.40290587429585
16156S,2011-12-05,80.04579791404643
17003,2011-12-05,157.72391648726932
20712,2011-12-05,178.74143268255435
20713,2011-12-05,197.57653896952493
20719,2011-12-05,255.04104093461228
20723,2011-12-05,203.96959733012906
20724,2011-12-05,416.47913130723936
20725,2011-12-05,423.2731781311799
20726,2011-12-05,118.86842712037075
20727,2011-12-05,310.2768696807969
20728,2011-12-05,207.83745002937465
20914,2011-12-05,162.23640910483377
20971,2011-12-05,257.68668662704226
20972,2011-12-05,204.14023619855655
21080,2011-12-05,240.5410456992871
21086,2011-12-05,69.7540660398072
21094,2011-12-05,73.81946783070946
21121,2011-12-05,72.19718748158328
21137,2011-12-05,270.0949067387956
21166,2011-12-05,210.81718356976174
21175,2011-12-05,241.57886128139717
21210,2011-12-05,167.7182644989762
21212,2011-12-05,587.7377810088077
21213,2011-12-05,204.3501209944633
21231,2011-12-05,181.99299090010564
21232,2011-12-05,340.5554782352845
21326,2011-12-05,229.75074388286552
21497,2011-12-05,117.72918024395848
21498,2011-12-05,213.3569355320285
21499,2011-12-05,136.28103789842933
21500,2011-12-05,117.10972305210208
21703,2011-12-05,158.64088147177824
21704,2011-12-05,111.06726933957442
21731,2011-12-05,376.77001554058756
21733,2011-12-05,239.30861447119875
21790,2011-12-05,699.2476271123165
21791,2011-12-05,278.37884372121346
21829,2011-12-05,1.3311017408564116
21915,2011-12-05,208.94095618148822
21928,2011-12-05,177.21908387375868
21929,2011-12-05,147.10673274999905
21931,2011-12-05,290.24371200806326
21967,2011-12-05,52.39304281156882
21975,2011-12-05,161.32051112396076
21976,2011-12-05,46.328572577743536
21977,2011-12-05,343.7758132970235
21980,2011-12-05,68.21686722073176
21981,2011-12-05,32.603595427444596
21982,2011-12-05,66.69659393666245
21984,2011-12-05,30.921510428514082
21985,2011-12-05,76.04297893921466
22029,2011-12-05,128.69616552349586
22077,2011-12-05,263.77405626130746
22090,2011-12-05,51.177328586568926
22151,2011-12-05,147.47480522759133
22178,2011-12-05,454.44486651708377
22189,2011-12-05,90.3889836972484
22197,2011-12-05,1690.3599797212198
22294,2011-12-05,86.20499592937381
22326,2011-12-05,187.2364311157181
22355,2011-12-05,432.38858760412694
22356,2011-12-05,235.16188356667772
22379,2011-12-05,152.84386006011604
22382,2011-12-05,213.16814796401627
22383,2011-12-05,210.95685450964186
22384,2011-12-05,166.4738544126039
22385,2011-12-05,159.0770123761331
22386,2011-12-05,429.4984059270116
22411,2011-12-05,329.0776758731604
22417,2011-12-05,128.89668545276552
22423,2011-12-05,234.81754496166073
22585,2011-12-05,176.45219004503247
47566,2011-12-05,156.3425675007564
71459,2011-12-05,134.5137723772973
72741,2011-12-05,155.40745552688466
79321,2011-12-05,374.31663755526625
82482,2011-12-05,188.31589828728048
82494L,2011-12-05,224.8463577082987
84077,2011-12-05,869.4626340484759
84212,2011-12-05,77.02448364694986
84568,2011-12-05,65.42049963980561
84692,2011-12-05,146.0868871613559
84755,2011-12-05,130.66378367551422
84836,2011-12-05,118.16286888732344
84879,2011-12-05,967.1904843479829
84945,2011-12-05,356.5338459347672
84946,2011-12-05,567.7125823386704
84947,2011-12-05,207.5928331762858
84970L,2011-12-05,91.01817258206852
84970S,2011-12-05,133.36503121100077
84978,2011-12-05,145.12486070956325
84991,2011-12-05,293.6750480924632
84992,2011-12-05,203.61989646554218
85099B,2011-12-05,1224.0386237887817
85099C,2011-12-05,327.7367978375347
85099F,2011-12-05,192.78663129772644
85123A,2011-12-05,843.0114073232804
85152,2011-12-05,185.84610160441696
85175,2011-12-05,64.89626971874894
